date,lake,level,capacity,content
2021-06-23,Modak Sagar,50266,128295,39.1800148096185
2021-06-23,Tansa,38336,145080,26.424041907912898
2021-06-23,M. Vaitarna,26182,193530,13.528651888596098
2021-06-23,Bhatsa,83898,717037,11.700651430818802
2021-06-23,Vihar,17224,27698,62.1849953065203
2021-06-23,Tulsi,5893,8046,73.2413621675367
2021-06-24,Modak Sagar,49731,128295,38.76300713200047
2021-06-24,Tansa,38539,145080,26.563964709126
2021-06-24,M. Vaitarna,27666,193530,14.29545806851651
2021-06-24,Bhatsa,85862,717037,11.974556403644442
2021-06-24,Vihar,17195,27698,62.08029460610874
2021-06-24,Tulsi,5901,8046,73.34079045488441
2021-06-25,Modak Sagar,49407,128295,38.5104641646206
2021-06-25,Tansa,38782,145080,26.731458505652054
2021-06-25,M. Vaitarna,28141,193530,14.540898051981603
2021-06-25,Bhatsa,87880,717037,12.255992368594647
2021-06-25,Vihar,17166,27698,61.97559390569716
2021-06-25,Tulsi,5901,8046,73.34079045488441
2021-06-26,Modak Sagar,50094,128295,39.04594878989828
2021-06-26,Tansa,43171,145080,29.756685966363385
2021-06-26,M. Vaitarna,27717,193530,14.32181057200434
2021-06-26,Bhatsa,91049,717037,12.697950036051138
2021-06-26,Vihar,17195,27698,62.08029460610874
2021-06-26,Tulsi,5915,8046,73.51478995774298
2021-06-27,Modak Sagar,50285,128295,39.19482442807592
2021-06-27,Tansa,44161,145080,30.439068100358423
2021-06-27,M. Vaitarna,26870,193530,13.884152327804475
2021-06-27,Bhatsa,96697,717037,13.48563602715062
2021-06-27,Vihar,17166,27698,61.97559390569716
2021-06-27,Tulsi,5915,8046,73.51478995774298
2021-06-28,Modak Sagar,50610,128295,39.44814684905881
2021-06-28,Tansa,45166,145080,31.13178935759581
2021-06-28,M. Vaitarna,26254,193530,13.565855422931843
2021-06-28,Bhatsa,98907,717037,13.79384885298806
2021-06-28,Vihar,17311,27698,62.49909740775507
2021-06-28,Tulsi,5996,8046,74.52150136713895
2021-06-29,Modak Sagar,50228,128295,39.15039557270354
2021-06-29,Tansa,45587,145080,31.42197408326441
2021-06-29,M. Vaitarna,26196,193530,13.53588590916137
2021-06-29,Bhatsa,107186,717037,14.94846151593293
2021-06-29,Vihar,17282,27698,62.39439670734349
2021-06-29,Tulsi,6011,8046,74.70792940591598
2021-06-30,Modak Sagar,49464,128295,38.55489301999299
2021-06-30,Tansa,45755,145080,31.53777226357872
2021-06-30,M. Vaitarna,26239,193530,13.558104686611896
2021-06-30,Bhatsa,113112,717037,15.774918170192054
2021-06-30,Vihar,17253,27698,62.28969600693191
2021-06-30,Tulsi,6011,8046,74.70792940591598
2021-07-01,Modak Sagar,48796,128295,38.03421801317277
2021-07-01,Tansa,45923,145080,31.653570443893024
2021-07-01,M. Vaitarna,25994,193530,13.431509326719372
2021-07-01,Bhatsa,120639,717037,16.82465479466192
2021-07-01,Vihar,17253,27698,62.28969600693191
2021-07-01,Tulsi,6011,8046,74.70792940591598
2021-07-02,Modak Sagar,48032,128295,37.43871546046221
2021-07-02,Tansa,45923,145080,31.653570443893024
2021-07-02,M. Vaitarna,25548,193530,13.201054100139514
2021-07-02,Bhatsa,137562,717037,19.18478404880083
2021-07-02,Vihar,17195,27698,62.08029460610874
2021-07-02,Tulsi,6011,8046,74.70792940591598
2021-07-03,Modak Sagar,47135,128295,36.73954557854944
2021-07-03,Tansa,45923,145080,31.653570443893024
2021-07-03,M. Vaitarna,25274,193530,13.059473983361752
2021-07-03,Bhatsa,145343,717037,20.26994422881944
2021-07-03,Vihar,17166,27698,61.97559390569716
2021-07-03,Tulsi,5989,8046,74.43450161570966
2021-07-05,Modak Sagar,44863,128295,34.96862699247827
2021-07-05,Tansa,45419,145080,31.30617590295009
2021-07-05,M. Vaitarna,23705,193530,12.24874696429494
2021-07-05,Bhatsa,137562,717037,19.18478404880083
2021-07-05,Vihar,16991,27698,61.34377933424796
2021-07-05,Tulsi,5952,8046,73.97464578672633
2021-07-06,Modak Sagar,43718,128295,34.076152617015474
2021-07-06,Tansa,45166,145080,31.13178935759581
2021-07-06,M. Vaitarna,23201,193530,11.988322223944609
2021-07-06,Bhatsa,136011,717037,18.968477219446136
2021-07-06,Vihar,16904,27698,61.02967723301322
2021-07-06,Tulsi,5937,8046,73.78821774794929
2021-07-07,Modak Sagar,42477,128295,33.10885069566234
2021-07-07,Tansa,44872,145080,30.929142542045767
2021-07-07,M. Vaitarna,22882,193530,11.823489898206995
2021-07-07,Bhatsa,134150,717037,18.70893691678393
2021-07-07,Vihar,16846,27698,60.82027583219005
2021-07-07,Tulsi,5923,8046,73.61421824509073
2021-07-08,Modak Sagar,41293,128295,32.185977629681595
2021-07-08,Tansa,44619,145080,30.75475599669148
2021-07-08,M. Vaitarna,22092,193530,11.415284452022942
2021-07-08,Bhatsa,132909,717037,18.53586356073676
2021-07-08,Vihar,16817,27698,60.71557513177847
2021-07-08,Tulsi,5901,8046,73.34079045488441
2021-07-09,Modak Sagar,40396,128295,31.48680774776881
2021-07-09,Tansa,44830,145080,30.900192996967192
2021-07-09,M. Vaitarna,21343,193530,11.028264351780086
2021-07-09,Bhatsa,131979,717037,18.40616314081421
2021-07-09,Vihar,17078,27698,61.65788143548271
2021-07-09,Tulsi,6018,8046,74.79492915734527
2021-07-10,Modak Sagar,39250,128295,30.593553918702987
2021-07-10,Tansa,44704,145080,30.81334436173146
2021-07-10,M. Vaitarna,20785,193530,10.73993696067793
2021-07-10,Bhatsa,130273,717037,18.168239574805764
2021-07-10,Vihar,17515,27698,63.235612679615855
2021-07-10,Tulsi,6173,8046,76.72135222470793
2021-07-11,Modak Sagar,37914,128295,29.55220390506255
2021-07-11,Tansa,44493,145080,30.66790736145575
2021-07-11,M. Vaitarna,20487,193530,10.58595566578825
2021-07-11,Bhatsa,128256,717037,17.88694307267268
2021-07-11,Vihar,17486,27698,63.13091197920428
2021-07-11,Tulsi,6322,8046,78.57320407655978
2021-07-12,Modak Sagar,36578,128295,28.510853891422112
2021-07-12,Tansa,44327,145080,30.553487730907086
2021-07-12,M. Vaitarna,20228,193530,10.45212628533044
2021-07-12,Bhatsa,127016,717037,17.714009179442623
2021-07-12,Vihar,17808,27698,64.2934507906708
2021-07-12,Tulsi,6368,8046,79.14491672880935
2021-07-14,Modak Sagar,34431,128295,26.837367005728986
2021-07-14,Tansa,44244,145080,30.49627791563276
2021-07-14,M. Vaitarna,19839,193530,10.251123856766393
2021-07-14,Bhatsa,126708,717037,17.67105463176935
2021-07-14,Vihar,18848,27698,68.04823452956892
2021-07-14,Tulsi,7051,8046,87.63360676112354
2021-07-15,Modak Sagar,33557,128295,26.156124556685764
2021-07-15,Tansa,44161,145080,30.439068100358423
2021-07-15,M. Vaitarna,19554,193530,10.103859866687335
2021-07-15,Bhatsa,126085,717037,17.58416929670296
2021-07-15,Vihar,19357,27698,69.88591234024118
2021-07-15,Tulsi,7367,8046,91.56102411135969
2021-07-16,Modak Sagar,32800,128295,25.566078179196385
2021-07-16,Tansa,44038,145080,30.35428728977116
2021-07-16,M. Vaitarna,19503,193530,10.077507363199503
2021-07-16,Bhatsa,125465,717037,17.49770235008793
2021-07-16,Vihar,20085,27698,72.51426095746986
2021-07-16,Tulsi,7569,8046,94.07158836689038
2021-07-17,Modak Sagar,32211,128295,25.10698000701508
2021-07-17,Tansa,44203,145080,30.468017645437
2021-07-17,M. Vaitarna,19451,193530,10.05063814395701
2021-07-17,Bhatsa,136789,717037,19.076979291166285
2021-07-17,Vihar,22118,27698,79.85414109321972
2021-07-17,Tulsi,8046,8046,100.0
2021-07-18,Modak Sagar,34398,128295,26.811645036829184
2021-07-18,Tansa,53946,145080,37.18362282878412
2021-07-18,M. Vaitarna,21631,193530,11.177078489123131
2021-07-18,Bhatsa,141444,717037,19.7261787048646
2021-07-18,Vihar,27617,27698,99.7075601126435
2021-07-18,Tulsi,8046,8046,100.0
2021-07-19,Modak Sagar,66092,128295,51.51564753108071
2021-07-19,Tansa,78467,145080,54.08533223049352
2021-07-19,M. Vaitarna,37551,193530,19.40319330336382
2021-07-19,Bhatsa,197321,717037,27.518942537135462
2021-07-19,Vihar,27698,27698,100.0
2021-07-19,Tulsi,8046,8046,100.0
2021-07-20,Modak Sagar,76769,128295,59.83787365057095
2021-07-20,Tansa,88525,145080,61.01805900192997
2021-07-20,M. Vaitarna,49585,193530,25.62135069498269
2021-07-20,Bhatsa,230160,717037,32.09876198857242
2021-07-20,Vihar,27698,27698,100.0
2021-07-20,Tulsi,8046,8046,100.0
2021-07-21,Modak Sagar,82837,128295,64.56759811372228
2021-07-21,Tansa,96687,145080,66.6439205955335
2021-07-21,M. Vaitarna,57643,193530,29.78504624606004
2021-07-21,Bhatsa,258822,717037,36.096045252894896
2021-07-21,Vihar,27698,27698,100.0
2021-07-21,Tulsi,8046,8046,100.0
2021-07-22,Modak Sagar,128925,128925,100.0
2021-07-22,Tansa,144593,145080,99.66432313206506
2021-07-22,M. Vaitarna,92342,193530,47.71456621712396
2021-07-22,Bhatsa,368184,717037,51.34797785888316
2021-07-22,Vihar,27698,27698,100.0
2021-07-22,Tulsi,8046,8046,100.0
2021-07-23,Modak Sagar,128925,128925,100.0
2021-07-23,Tansa,143710,145080,99.05569341053211
2021-07-23,M. Vaitarna,101359,193530,52.37379217692347
2021-07-23,Bhatsa,392337,717037,54.716423280806985
2021-07-23,Vihar,27698,27698,100.0
2021-07-23,Tulsi,8046,8046,100.0
2021-07-24,Modak Sagar,128925,128925,100.0
2021-07-24,Tansa,143769,145080,99.0963606286187
2021-07-24,M. Vaitarna,106978,193530,55.27721800237689
2021-07-24,Bhatsa,414983,717037,57.874698237329454
2021-07-24,Vihar,27698,27698,100.0
2021-07-24,Tulsi,8046,8046,100.0
2021-07-25,Modak Sagar,128925,128925,100.0
2021-07-25,Tansa,143416,145080,98.85304659498208
2021-07-25,M. Vaitarna,113311,193530,58.54957887665995
2021-07-25,Bhatsa,430309,717037,60.0121053725261
2021-07-25,Vihar,27698,27698,100.0
2021-07-25,Tulsi,8046,8046,100.0
2021-07-26,U. Vaitarna,94587,227047,41.65965637070739
2021-07-26,Modak Sagar,128925,128925,100.0
2021-07-26,Tansa,143652,145080,99.01571546732838
2021-07-26,M. Vaitarna,118980,193530,61.47884048984653
2021-07-26,Bhatsa,442423,717037,61.70155793913006
2021-07-26,Vihar,27698,27698,100.0
2021-07-26,Tulsi,8046,8046,100.0
2021-07-27,U. Vaitarna,98558,227047,43.40863345474725
2021-07-27,Modak Sagar,128925,128925,100.0
2021-07-27,Tansa,143534,145080,98.93438103115524
2021-07-27,M. Vaitarna,125754,193530,64.97907301193614
2021-07-27,Bhatsa,454810,717037,63.42908385480805
2021-07-27,Vihar,27698,27698,100.0
2021-07-27,Tulsi,8046,8046,100.0
2021-07-28,U. Vaitarna,109195,227047,48.09356653027787
2021-07-28,Modak Sagar,128925,128925,100.0
2021-07-28,Tansa,143769,145080,99.0963606286187
2021-07-28,M. Vaitarna,132419,193530,68.42298351676743
2021-07-28,Bhatsa,463818,717037,64.68536491143414
2021-07-28,Vihar,27698,27698,100.0
2021-07-28,Tulsi,8046,8046,100.0
2021-07-30,U. Vaitarna,119974,227047,52.84104172263893
2021-07-30,Modak Sagar,128925,128925,100.0
2021-07-30,Tansa,143769,145080,99.0963606286187
2021-07-30,M. Vaitarna,143070,193530,73.92652301968687
2021-07-30,Bhatsa,498519,717037,69.52486412835042
2021-07-30,Vihar,27698,27698,100.0
2021-07-30,Tulsi,8046,8046,100.0
2021-07-31,U. Vaitarna,126069,227047,55.52550793448053
2021-07-31,Modak Sagar,128925,128925,100.0
2021-07-31,Tansa,143769,143652,100.08144682983878
2021-07-31,M. Vaitarna,145299,193530,75.0782824368315
2021-07-31,Bhatsa,500551,717037,69.8082525727
2021-07-31,Vihar,27698,27698,100.0
2021-07-31,Tulsi,8046,8035,100.1369010578718
2021-08-01,U. Vaitarna,128625,227047,56.65126603742837
2021-08-01,Modak Sagar,128910,128925,99.98836532867946
2021-08-01,Tansa,143652,143652,100.0
2021-08-01,M. Vaitarna,147395,193530,76.16131865860591
2021-08-01,Bhatsa,510239,717037,71.1593683450087
2021-08-01,Vihar,27698,27698,100.0
2021-08-01,Tulsi,8035,8046,99.86328610489684
2021-08-02,U. Vaitarna,133787,227047,58.924804115447465
2021-08-02,Modak Sagar,128474,128925,99.65018421562924
2021-08-02,Tansa,143475,143652,99.8767855651157
2021-08-02,M. Vaitarna,148981,193530,76.98082984550199
2021-08-02,Bhatsa,514812,717037,71.7971318077031
2021-08-02,Vihar,27698,27698,100.0
2021-08-02,Tulsi,8035,8046,99.86328610489684
2021-08-03,U. Vaitarna,138950,227047,61.19878263090902
2021-08-03,Modak Sagar,128092,128925,99.35388791933296
2021-08-03,Tansa,144770,143652,100.77826970734831
2021-08-03,M. Vaitarna,151190,193530,78.12225494755334
2021-08-03,Bhatsa,521070,717037,72.6698901172464
2021-08-03,Vihar,27698,27698,100.0
2021-08-03,Tulsi,8035,8046,99.86328610489684
2021-08-04,U. Vaitarna,144423,227047,63.60929675353561
2021-08-04,Modak Sagar,128638,128925,99.77738995540042
2021-08-04,Tansa,144711,143652,100.73719822905356
2021-08-04,M. Vaitarna,154533,193530,79.84963571539296
2021-08-04,Bhatsa,529494,717037,73.84472488867381
2021-08-04,Vihar,27698,27698,100.0
2021-08-04,Tulsi,8046,8046,100.0
2021-08-06,U. Vaitarna,148763,227047,65.52079525384612
2021-08-06,Modak Sagar,128692,128925,99.81927477215436
2021-08-06,Tansa,143652,143652,100.0
2021-08-06,M. Vaitarna,159235,193530,82.27923319382008
2021-08-06,Bhatsa,541076,717037,75.45998323656939
2021-08-06,Vihar,27698,27698,100.0
2021-08-06,Tulsi,8046,8046,100.0
2021-08-07,U. Vaitarna,150231,227047,66.16735741938894
2021-08-07,Modak Sagar,127710,128925,99.05759162303664
2021-08-07,Tansa,143769,143652,100.08144682983878
2021-08-07,M. Vaitarna,160424,193530,82.89360822611481
2021-08-07,Bhatsa,543251,717037,75.76331486380758
2021-08-07,Vihar,27698,27698,100.0
2021-08-07,Tulsi,8046,8046,100.0
2021-08-08,U. Vaitarna,151699,227047,66.81391958493175
2021-08-08,Modak Sagar,126292,128925,97.95772736086872
2021-08-08,Tansa,143652,143652,100.0
2021-08-08,M. Vaitarna,161387,193530,83.39120549785562
2021-08-08,Bhatsa,545427,717037,76.0667859538629
2021-08-08,Vihar,27698,27698,100.0
2021-08-08,Tulsi,8046,8046,100.0
2021-08-10,U. Vaitarna,153166,227047,67.46004131303211
2021-08-10,Modak Sagar,123236,128925,95.58735699049836
2021-08-10,Tansa,143769,143652,100.08144682983878
2021-08-10,M. Vaitarna,162804,193530,84.12339172221361
2021-08-10,Bhatsa,549537,717037,76.63997813223027
2021-08-10,Vihar,27698,27698,100.0
2021-08-10,Tulsi,8035,8046,99.86328610489684
2021-08-13,U. Vaitarna,156592,227047,68.96897999092698
2021-08-13,Modak Sagar,118431,128925,91.86038394415358
2021-08-13,Tansa,144122,145080,99.3396746622553
2021-08-13,M. Vaitarna,165338,193530,85.43274944453056
2021-08-13,Bhatsa,555822,717037,77.51650193783584
2021-08-13,Vihar,27698,27698,100.0
2021-08-13,Tulsi,8046,8046,100.0
2021-08-14,U. Vaitarna,156592,227047,68.96897999092698
2021-08-14,Modak Sagar,117081,128925,90.81326352530542
2021-08-14,Tansa,144358,145080,99.5023435346016
2021-08-14,M. Vaitarna,166430,193530,85.99700304862296
2021-08-14,Bhatsa,560215,717037,78.12916209344846
2021-08-14,Vihar,27698,27698,100.0
2021-08-14,Tulsi,8046,8046,100.0
2021-08-15,U. Vaitarna,158549,227047,69.83091606583659
2021-08-15,Modak Sagar,116281,128925,90.19274772154353
2021-08-15,Tansa,144887,145080,99.8669699476151
2021-08-15,M. Vaitarna,168862,193530,87.25365576396425
2021-08-15,Bhatsa,564425,717037,78.71630055352792
2021-08-15,Vihar,27698,27698,100.0
2021-08-15,Tulsi,8046,8046,100.0
2021-08-16,U. Vaitarna,159974,227047,70.4585394213533
2021-08-16,Modak Sagar,116081,128925,90.03761877060306
2021-08-16,Tansa,144593,145080,99.66432313206506
2021-08-16,M. Vaitarna,170563,193530,88.13258926264662
2021-08-16,Bhatsa,573094,717037,79.92530371514998
2021-08-16,Vihar,27698,27698,100.0
2021-08-16,Tulsi,8046,8046,100.0
2021-08-17,U. Vaitarna,159974,227047,70.4585394213533
2021-08-17,Modak Sagar,115481,128925,89.57223191778165
2021-08-17,Tansa,143769,145080,99.0963606286187
2021-08-17,M. Vaitarna,172020,193530,88.88544411719113
2021-08-17,Bhatsa,577553,717037,80.54716841669259
2021-08-17,Vihar,27698,27698,100.0
2021-08-17,Tulsi,8046,8046,100.0
2021-08-18,U. Vaitarna,161400,227047,71.08660321431246
2021-08-18,Modak Sagar,114431,128925,88.75780492534419
2021-08-18,Tansa,143387,145080,98.8330576233802
2021-08-18,M. Vaitarna,173175,193530,89.4822508138273
2021-08-18,Bhatsa,584006,717037,81.44712197557448
2021-08-18,Vihar,27698,27698,100.0
2021-08-18,Tulsi,8046,8046,100.0
2021-08-19,U. Vaitarna,162349,227047,71.50457834721445
2021-08-19,Modak Sagar,113506,128925,88.04033352724453
2021-08-19,Tansa,144593,145080,99.66432313206506
2021-08-19,M. Vaitarna,174147,193530,89.9844985273601
2021-08-19,Bhatsa,588541,717037,82.07958585121828
2021-08-19,Vihar,27698,27698,100.0
2021-08-19,Tulsi,8046,8046,100.0
2021-08-20,U. Vaitarna,166625,227047,73.38788885120702
2021-08-20,Modak Sagar,113856,128925,88.31180919139034
2021-08-20,Tansa,144475,145080,99.58298869589191
2021-08-20,M. Vaitarna,177184,193530,91.55376427427272
2021-08-20,Bhatsa,597359,717037,83.30936897259137
2021-08-20,Vihar,27698,27698,100.0
2021-08-20,Tulsi,8046,8046,100.0
2021-08-21,U. Vaitarna,167100,227047,73.59709663637925
2021-08-21,Modak Sagar,113706,128925,88.195462478185
2021-08-21,Tansa,143652,145080,99.01571546732838
2021-08-21,M. Vaitarna,178764,193530,92.37017516664083
2021-08-21,Bhatsa,604918,717037,84.36356840720912
2021-08-21,Vihar,27698,27698,100.0
2021-08-21,Tulsi,8046,8046,100.0
2021-08-31,U. Vaitarna,174999,227047,77.07611199443286
2021-08-31,Modak Sagar,110956,128925,86.06243940275354
2021-08-31,Tansa,143769,145080,99.0963606286187
2021-08-31,M. Vaitarna,180769,193530,93.40619025474086
2021-08-31,Bhatsa,637471,717037,88.90350149294946
2021-08-31,Vihar,27698,27698,100.0
2021-08-31,Tulsi,8046,8046,100.0
2021-09-01,U. Vaitarna,177978,227047,78.38817513554463
2021-09-01,Modak Sagar,112456,128925,87.22590653480705
2021-09-01,Tansa,143593,145080,98.9750482492418
2021-09-01,M. Vaitarna,180283,193530,93.15506639797448
2021-09-01,Bhatsa,643230,717037,89.70666785674938
2021-09-01,Vihar,27698,27698,100.0
2021-09-01,Tulsi,8046,8046,100.0
2021-09-02,U. Vaitarna,179963,227047,79.26244345884332
2021-09-02,Modak Sagar,115706,128925,89.74675198758969
2021-09-02,Tansa,144358,145080,99.5023435346016
2021-09-02,M. Vaitarna,182166,193530,94.12804216400558
2021-09-02,Bhatsa,647942,717037,90.36381665102358
2021-09-02,Vihar,27698,27698,100.0
2021-09-02,Tulsi,8046,8046,100.0
2021-09-04,U. Vaitarna,181949,227047,80.1371522195845
2021-09-04,Modak Sagar,116431,128910,90.31960282367544
2021-09-04,Tansa,143416,145080,98.85304659498208
2021-09-04,M. Vaitarna,183563,193530,94.84989407327028
2021-09-04,Bhatsa,655795,717037,91.45901815387492
2021-09-04,Vihar,27698,27698,100.0
2021-09-04,Tulsi,8046,8046,100.0
2021-09-05,U. Vaitarna,182941,227047,80.57406616251261
2021-09-05,Modak Sagar,116506,128910,90.3777829493445
2021-09-05,Tansa,143769,145080,99.0963606286187
2021-09-05,M. Vaitarna,183927,193530,95.03797860796776
2021-09-05,Bhatsa,666281,717037,92.92142525420584
2021-09-05,Vihar,27698,27698,100.0
2021-09-05,Tulsi,8046,8046,100.0
2021-09-06,U. Vaitarna,182941,227047,80.57406616251261
2021-09-06,Modak Sagar,116706,128910,90.5329299511287
2021-09-06,Tansa,144475,145080,99.58298869589191
2021-09-06,M. Vaitarna,184778,193530,95.47770371518628
2021-09-06,Bhatsa,670122,717037,93.45710193476766
2021-09-06,Vihar,27698,27698,100.0
2021-09-06,Tulsi,8046,8046,100.0
2021-09-07,U. Vaitarna,182941,227047,80.57406616251261
2021-09-07,Modak Sagar,118306,128910,91.7741059654022
2021-09-07,Tansa,144711,145080,99.74565756823822
2021-09-07,M. Vaitarna,184899,193530,95.54022632150054
2021-09-07,Bhatsa,675883,717037,94.26054722420182
2021-09-07,Vihar,27698,27698,100.0
2021-09-07,Tulsi,8046,8046,100.0
2021-09-08,U. Vaitarna,186918,227047,82.32568587120728
2021-09-08,Modak Sagar,119031,128910,92.3365138468699
2021-09-08,Tansa,144887,145080,99.8669699476151
2021-09-08,M. Vaitarna,185628,193530,95.91691210665012
2021-09-08,Bhatsa,683291,717037,95.29368777343429
2021-09-08,Vihar,27698,27698,100.0
2021-09-08,Tulsi,8046,8046,100.0
2021-09-09,U. Vaitarna,186913,227047,82.32348368399495
2021-09-09,Modak Sagar,121085,128910,93.92987355519357
2021-09-09,Tansa,144080,145080,99.31072511717672
2021-09-09,M. Vaitarna,185750,193530,95.97995142871906
2021-09-09,Bhatsa,690424,717037,96.28847604795848
2021-09-09,Vihar,27698,27698,100.0
2021-09-09,Tulsi,8046,8046,100.0
2021-09-10,U. Vaitarna,189998,227047,83.68223319400829
2021-09-10,Modak Sagar,124812,128910,96.82103793344194
2021-09-10,Tansa,144005,145080,99.259029500965
2021-09-10,M. Vaitarna,186479,193530,96.35663721386864
2021-09-10,Bhatsa,701124,717037,97.78072819115332
2021-09-10,Vihar,27698,27698,100.0
2021-09-10,Tulsi,8046,8046,100.0
2021-09-11,U. Vaitarna,192869,227047,84.94672909133351
2021-09-11,Modak Sagar,128925,128925,100.0
2021-09-11,Tansa,143887,145080,99.17769506479183
2021-09-11,M. Vaitarna,186661,193530,96.45067948121738
2021-09-11,Bhatsa,708668,717037,98.83283568351423
2021-09-11,Vihar,27698,27698,100.0
2021-09-11,Tulsi,8046,8046,100.0
2021-09-12,U. Vaitarna,203293,227047,89.53784899161847
2021-09-12,Modak Sagar,128925,128925,100.0
2021-09-12,Tansa,143710,145080,99.05569341053211
2021-09-12,M. Vaitarna,185811,193530,96.01147108975351
2021-09-12,Bhatsa,701124,717037,97.78072819115332
2021-09-12,Vihar,27698,27698,100.0
2021-09-12,Tulsi,8046,8046,100.0
2021-09-13,U. Vaitarna,212582,227047,93.62907239470242
2021-09-13,Modak Sagar,128925,128925,100.0
2021-09-13,Tansa,144828,145080,99.82630272952854
2021-09-13,M. Vaitarna,185386,193530,95.7918668940216
2021-09-13,Bhatsa,706886,717037,98.5843129434046
2021-09-13,Vihar,27698,27698,100.0
2021-09-13,Tulsi,8046,8046,100.0
2021-09-14,U. Vaitarna,222225,227047,97.87621065242
2021-09-14,Modak Sagar,128925,128925,100.0
2021-09-14,Tansa,144828,145080,99.82630272952854
2021-09-14,M. Vaitarna,184899,193530,95.54022632150054
2021-09-14,Bhatsa,710727,717037,99.1199896239664
2021-09-14,Vihar,27698,27698,100.0
2021-09-14,Tulsi,8046,8046,100.0
2021-09-15,U. Vaitarna,223672,227047,98.51352363167098
2021-09-15,Modak Sagar,128925,128925,100.0
2021-09-15,Tansa,143534,145080,98.93438103115524
2021-09-15,M. Vaitarna,186540,193530,96.38815687490312
2021-09-15,Bhatsa,703045,717037,98.04863626284278
2021-09-15,Vihar,27698,27698,100.0
2021-09-15,Tulsi,8046,8046,100.0
2021-09-17,U. Vaitarna,226083,227047,99.575418305461
2021-09-17,Modak Sagar,128925,128925,100.0
2021-09-17,Tansa,143710,145080,99.05569341053211
2021-09-17,M. Vaitarna,188507,193530,97.40453676432594
2021-09-17,Bhatsa,709904,717037,99.00521172547582
2021-09-17,Vihar,27698,27698,100.0
2021-09-17,Tulsi,8046,8046,100.0
2021-09-18,U. Vaitarna,225061,227047,99.12529123925884
2021-09-18,Modak Sagar,128925,128925,100.0
2021-09-18,Tansa,143634,145080,99.00330851943755
2021-09-18,M. Vaitarna,188834,193530,97.57350281610088
2021-09-18,Bhatsa,709630,717037,98.96699891358466
2021-09-18,Vihar,27698,27698,100.0
2021-09-18,Tulsi,8046,8046,100.0
2021-09-19,U. Vaitarna,225061,227047,99.12529123925884
2021-09-19,Modak Sagar,128910,128925,99.98836532867946
2021-09-19,Tansa,143475,145080,98.89371381306866
2021-09-19,M. Vaitarna,189227,193530,97.77657210768356
2021-09-19,Bhatsa,711824,717037,99.27298033434816
2021-09-19,Vihar,27698,27698,100.0
2021-09-19,Tulsi,8046,8046,100.0
2021-09-20,U. Vaitarna,225601,227047,99.36312745819149
2021-09-20,Modak Sagar,128910,128925,99.98836532867946
2021-09-20,Tansa,143828,145080,99.13702784670528
2021-09-20,M. Vaitarna,188573,193530,97.43864000413372
2021-09-20,Bhatsa,713471,717037,99.50267559414648
2021-09-20,Vihar,27698,27698,100.0
2021-09-20,Tulsi,8046,8046,100.0
2021-09-21,U. Vaitarna,226083,227047,99.575418305461
2021-09-21,Modak Sagar,128910,128925,99.98836532867946
2021-09-21,Tansa,144711,145080,99.74565756823822
2021-09-21,M. Vaitarna,188834,193530,97.57350281610088
2021-09-21,Bhatsa,713471,714568,99.84648067083889
2021-09-21,Vihar,27698,27698,100.0
2021-09-21,Tulsi,8046,8046,100.0
2021-09-22,U. Vaitarna,225601,227047,99.36312745819149
2021-09-22,Modak Sagar,128925,128925,100.0
2021-09-22,Tansa,143769,145080,99.0963606286187
2021-09-22,M. Vaitarna,186236,193530,96.23107528548546
2021-09-22,Bhatsa,710727,714568,99.4624724308953
2021-09-22,Vihar,27698,27698,100.0
2021-09-22,Tulsi,8046,8046,100.0
2021-09-23,U. Vaitarna,225601,227047,99.36312745819149
2021-09-23,Modak Sagar,128925,128925,100.0
2021-09-23,Tansa,143652,145080,99.01571546732838
2021-09-23,M. Vaitarna,185689,193530,95.9484317676846
2021-09-23,Bhatsa,710727,714568,99.4624724308953
2021-09-23,Vihar,27698,27698,100.0
2021-09-23,Tulsi,8046,8046,100.0
2021-09-24,U. Vaitarna,226083,227047,99.575418305461
2021-09-24,Modak Sagar,128925,128925,100.0
2021-09-24,Tansa,143534,145080,98.93438103115524
2021-09-24,M. Vaitarna,187753,193530,97.01493308530978
2021-09-24,Bhatsa,711824,714568,99.61599176005645
2021-09-24,Vihar,27698,27698,100.0
2021-09-24,Tulsi,8046,8046,100.0
2021-09-25,U. Vaitarna,226565,227047,99.78770915273049
2021-09-25,Modak Sagar,128925,128925,100.0
2021-09-25,Tansa,143357,145080,98.8123793768955
2021-09-25,M. Vaitarna,186540,193530,96.38815687490312
2021-09-25,Bhatsa,710727,717027,99.121371998544
2021-09-25,Vihar,27698,27698,100.0
2021-09-25,Tulsi,8046,8046,100.0
2021-09-26,U. Vaitarna,226565,227047,99.78770915273049
2021-09-26,Modak Sagar,128925,128925,100.0
2021-09-26,Tansa,143652,145080,99.01571546732838
2021-09-26,M. Vaitarna,187694,193530,96.98444685578464
2021-09-26,Bhatsa,711550,717027,99.23615149778182
2021-09-26,Vihar,27698,27698,100.0
2021-09-26,Tulsi,8046,8046,100.0
2021-09-27,U. Vaitarna,226083,227047,99.575418305461
2021-09-27,Modak Sagar,128925,128925,100.0
2021-09-27,Tansa,143769,145080,99.0963606286187
2021-09-27,M. Vaitarna,187572,193530,96.92140753371572
2021-09-27,Bhatsa,711824,717027,99.27436484260704
2021-09-27,Vihar,27698,27698,100.0
2021-09-27,Tulsi,8046,8046,100.0
2021-09-29,U. Vaitarna,226083,227047,99.575418305461
2021-09-29,Modak Sagar,128925,128925,100.0
2021-09-29,Tansa,143887,145080,99.17769506479183
2021-09-29,M. Vaitarna,188059,193530,97.17304810623676
2021-09-29,Bhatsa,709630,717027,98.96837915448091
2021-09-29,Vihar,27698,27698,100.0
2021-09-29,Tulsi,8046,8046,100.0
2021-09-30,U. Vaitarna,225601,227047,99.36312745819149
2021-09-30,Modak Sagar,128925,128925,100.0
2021-09-30,Tansa,143652,145080,99.01571546732838
2021-09-30,M. Vaitarna,186540,193530,96.38815687490312
2021-09-30,Bhatsa,709081,717027,98.89181300006834
2021-09-30,Vihar,27698,27698,100.0
2021-09-30,Tulsi,8046,8046,100.0
2021-10-27,U. Vaitarna,226083,227047,99.575418305461
2021-10-27,Modak Sagar,106737,128925,82.78999418266434
2021-10-27,Tansa,135771,145080,93.5835401157982
2021-10-27,M. Vaitarna,191648,193530,99.02754094972356
2021-10-27,Bhatsa,695637,717027,97.01684873791363
2021-10-27,Vihar,26061,27698,94.08982598021518
2021-10-27,Tulsi,7553,8046,93.87273179219488
2021-11-07,U. Vaitarna,225119,227047,99.15083661092196
2021-11-07,Modak Sagar,84367,128925,65.43882101997285
2021-11-07,Tansa,129108,145080,88.99090157154673
2021-11-07,M. Vaitarna,191975,193530,99.19650700149847
2021-11-07,Bhatsa,668476,717027,93.22884633354114
2021-11-07,Vihar,24743,27698,89.33135966495776
2021-11-07,Tulsi,7225,8046,89.79617201093711
2021-11-15,U. Vaitarna,224154,227047,98.72581447894048
2021-11-15,Modak Sagar,69773,128925,54.11906146984681
2021-11-15,Tansa,123976,145080,85.45354287289771
2021-11-15,M. Vaitarna,192040,193530,99.2300935255516
2021-11-15,Bhatsa,649774,717027,90.620576352076
2021-11-15,Vihar,23633,27698,85.32385009747996
2021-11-15,Tulsi,6996,8046,86.95003728560775
2021-11-22,U. Vaitarna,223190,227047,98.30123278440146
2021-11-22,Modak Sagar,57717,128925,44.76788830715533
2021-11-22,Tansa,121128,145080,83.49048800661704
2021-11-22,M. Vaitarna,192236,193530,99.3313698134656
2021-11-22,Bhatsa,631505,717027,88.0726946126157
2021-11-22,Vihar,22969,27698,82.92656509495271
2021-11-22,Tulsi,6826,8046,84.83718617946806
2021-11-30,U. Vaitarna,221261,227047,97.45162895788096
2021-11-30,Modak Sagar,57397,128925,44.51968198565057
2021-11-30,Tansa,116709,145080,80.44458229942101
2021-11-30,M. Vaitarna,179675,193530,92.84090321913916
2021-11-30,Bhatsa,616132,717027,85.9287028243009
2021-11-30,Vihar,22211,27698,80.18990540833273
2021-11-30,Tulsi,6640,8046,82.52547849863286
2021-12-02,U. Vaitarna,221261,227047,97.45162895788096
2021-12-02,Modak Sagar,58137,128925,45.09365910413031
2021-12-02,Tansa,116985,145080,80.63482216708023
2021-12-02,M. Vaitarna,176516,193530,91.2085981501576
2021-12-02,Bhatsa,613057,717027,85.49984868073308
2021-12-02,Vihar,22025,27698,79.51837677810673
2021-12-02,Tulsi,6686,8046,83.09719115088242
2021-12-09,U. Vaitarna,220297,227047,97.02704726334196
2021-12-09,Modak Sagar,58437,128925,45.326352530541016
2021-12-09,Tansa,114260,145080,78.75654811138682
2021-12-09,M. Vaitarna,166249,193530,85.90347749702889
2021-12-09,Bhatsa,601391,717027,83.87285276565596
2021-12-09,Vihar,21715,27698,78.39916239439671
2021-12-09,Tulsi,6586,8046,81.85433755903554
2021-12-14,U. Vaitarna,219815,227047,96.81475641607244
2021-12-14,Modak Sagar,57477,128925,44.58173356602676
2021-12-14,Tansa,111489,145080,76.84656741108354
2021-12-14,M. Vaitarna,159008,193530,82.1619387175115
2021-12-14,Bhatsa,588289,717027,82.04558545215173
2021-12-14,Vihar,21343,27698,77.05610513394468
2021-12-14,Tulsi,6443,8046,80.07705692269451
2021-12-20,U. Vaitarna,218850,227047,96.38973428409096
2021-12-20,Modak Sagar,56357,128925,43.7130114408
2021-12-20,Tansa,108169,145080,74.55817480011028
2021-12-20,M. Vaitarna,150001,193530,77.50787991525861
2021-12-20,Bhatsa,573342,717027,79.96100565250681
2021-12-20,Vihar,20693,27698,74.70936529713337
2021-12-20,Tulsi,6300,8046,78.29977628635346
2021-12-24,U. Vaitarna,217886,227047,95.96515258955195
2021-12-24,Modak Sagar,54957,128925,42.62710878417685
2021-12-24,Tansa,105659,145080,72.82809484422387
2021-12-24,M. Vaitarna,144336,193530,74.58068516509069
2021-12-24,Bhatsa,563435,717027,78.57932825402669
2021-12-24,Vihar,20328,27698,73.39158061953931
2021-12-24,Tulsi,6195,8046,76.99478001491424
